Product Name,Brand,Product Code,Availability,Price,Tax,Rating,Image Url,Product Url
Haset_ Certified Organic ﻿Cinnamon (50g),Haset Spices,103365,8,ETB64.00,ETB56.00,0,https://helloomarket.com/image/cache/catalog/103365_1-285x300.jpg,https://helloomarket.com/index.php?route=product/product&path=82&product_id=2006
Emeshaw_ Organic Grounded Cardamom,Emeshaw Birke,114210004,83,ETB114.00,ETB100.00,0,https://helloomarket.com/image/cache/catalog/114210004-0-285x300.jpg,https://helloomarket.com/index.php?route=product/product&path=82&product_id=3277
Hasset Organic  White  Black Pepper (25g),HASSET  T/Michaiel,091210003,994,ETB43.00,ETB37.00,0,https://helloomarket.com/image/cache/catalog/091210003-285x300.jpg,https://helloomarket.com/index.php?route=product/product&path=82&product_id=3980
Hasset _Stew Spice,HASSET  T/Michaiel,103361,9,ETB36.00,ETB32.00,0,https://helloomarket.com/image/cache/catalog/103361f-285x300.jpg,https://helloomarket.com/index.php?route=product/product&path=82&product_id=3139
Rift Valley Cuvee Prestige Chardonnay White (750ml),Castel Winery Ethiopia,103308,2-3 Days,ETB702.00,ETB702.00,0,https://helloomarket.com/image/cache/catalog/103308_1-285x300.JPG,https://helloomarket.com/index.php?route=product/product&path=82&product_id=1895
TAREKEGN_100% Pure White Honey,Tarekegn Alemu,0071-10002,55,ETB389.00,ETB339.00,0,https://helloomarket.com/image/cache/catalog/0071-10002----285x300.jpg,https://helloomarket.com/index.php?route=product/product&path=82&product_id=2787
Tigist_ Organic Split Peas (1kg),Tigiest Debasu,120510006,27,ETB105.00,ETB91.00,0,https://helloomarket.com/image/cache/catalog/EE-285x300.jpg,https://helloomarket.com/index.php?route=product/product&path=82&product_id=3824
Abea Peanut Butter/1kg,Abe Penut Butter Manufacturing,162610001,44,ETB340.00,ETB296.00,0,https://helloomarket.com/image/cache/catalog/162610001--285x300.jpg,https://helloomarket.com/index.php?route=product/product&path=82&product_id=5210
Alem Buna Roasted Ground Coffee/1kg,Starcoff plc,156010003,120,ETB615.00,ETB535.00,0,https://helloomarket.com/image/cache/catalog/156010003-0-285x300.jpg,https://helloomarket.com/index.php?route=product/product&path=82&product_id=5073
Ameleworke_ malt powder ( የብቅል ዱቄት),AMELEWORKE ESHETU,128410005,100,ETB57.00,ETB50.00,0,https://helloomarket.com/image/cache/catalog/128410005-285x300.jpg,https://helloomarket.com/index.php?route=product/product&path=82&product_id=4375
Ameleworke_ Tella Kita Flour (የጠላ ቂጣ ዱቄት),AMELEWORKE ESHETU,128410002,100,ETB57.00,ETB50.00,0,https://helloomarket.com/image/cache/catalog/128410002-285x300.jpg,https://helloomarket.com/index.php?route=product/product&path=82&product_id=4374
Amelework_ Tella Defdf(ጠላ ድፍድፍ),,147210001,45,ETB248.00,ETB216.00,0,https://helloomarket.com/image/cache/catalog/147210001-285x300.jpg,https://helloomarket.com/index.php?route=product/product&path=82&product_id=4920
Arki_  Mineral Water ( 600 ml),Arki_  Mineral Water,103241,2-3 Days,ETB136.00,ETB136.00,0,https://helloomarket.com/image/cache/catalog/103241-285x300.jpg,https://helloomarket.com/index.php?route=product/product&path=82&product_id=1833
Arki_ Natural Flavor homemade Chili pepper (0.5kg),arki agro,126310005,12,ETB278.00,ETB242.00,0,https://helloomarket.com/image/cache/catalog/126310006-0-285x300.jpg,https://helloomarket.com/index.php?route=product/product&path=82&product_id=4282
Bereka_ Iodized Salt (1g),Mohamed & friend’ salt pps,170510002,95,ETB30.00,ETB30.00,0,https://helloomarket.com/image/cache/catalog/170510002-285x300.jpg,https://helloomarket.com/index.php?route=product/product&path=82&product_id=5509
Bereka_ Iodized Salt (500gm),Mohamed & friend’ salt pps,170510001,96,ETB15.00,ETB15.00,0,https://helloomarket.com/image/cache/catalog/170510001-285x300.jpg,https://helloomarket.com/index.php?route=product/product&path=82&product_id=5510
Beza _Ethiopian Coffee (250),,168510002,24,ETB99.00,ETB86.00,0,https://helloomarket.com/image/cache/catalog/168510002%201-285x300.jpg,https://helloomarket.com/index.php?route=product/product&path=82&product_id=5434
Black Cumin,Elsabeth Mesfin,100693,1,ETB21.00,ETB18.00,0,https://helloomarket.com/image/cache/catalog/100693_01-285x300.jpg,https://helloomarket.com/index.php?route=product/product&path=82&product_id=969
Cinnamon,,100795,9,ETB43.00,ETB38.00,0,https://helloomarket.com/image/cache/catalog/100795-285x300.jpg,https://helloomarket.com/index.php?route=product/product&path=82&product_id=954
Coca Cola,,175010001,99,ETB37.00,ETB37.00,0,https://helloomarket.com/image/cache/catalog/59-285x300.png,https://helloomarket.com/index.php?route=product/product&path=82&product_id=5802
Cummin,,100794,1,ETB27.00,ETB24.00,0,https://helloomarket.com/image/cache/catalog/SP-285x300.jpg,https://helloomarket.com/index.php?route=product/product&path=82&product_id=952
Dates (920g),WORKALEM TSEAYE,149510003,38,ETB340.00,ETB296.00,0,https://helloomarket.com/image/cache/catalog/149510003-01-285x300.jpg,https://helloomarket.com/index.php?route=product/product&path=82&product_id=4940
East Pure Baking Soda,East herbs,159110008,5,ETB123.00,ETB107.00,0,https://helloomarket.com/image/cache/catalog/457-285x300.jpg,https://helloomarket.com/index.php?route=product/product&path=82&product_id=5296
Ecopia 100% Organic Brown Sugar (500 gm),ecopia,112010002,91,ETB70.00,ETB61.00,0,https://helloomarket.com/image/cache/catalog/112010002_5-285x300.jpg,https://helloomarket.com/index.php?route=product/product&path=82&product_id=3201
Eden_ white Vinegar,EDEN YEMAN,113010001,24,ETB14.00,ETB12.00,0,https://helloomarket.com/image/cache/catalog/113010001-285x300.jpg,https://helloomarket.com/index.php?route=product/product&path=82&product_id=3191
Emeshaw _Chili Pepper,Emeshaw Birke,114210014,82,ETB68.00,ETB60.00,0,https://helloomarket.com/image/cache/catalog/114210014-285x300.jpg,https://helloomarket.com/index.php?route=product/product&path=82&product_id=3325
Emeshaw _Pure Organic Rosemary 50g,Emeshaw Birke,114210023,181,ETB57.00,ETB50.00,0,https://helloomarket.com/image/cache/catalog/114210023-02-285x300.jpg,https://helloomarket.com/index.php?route=product/product&path=82&product_id=3359
Emeshaw _Pure Organic Steak tartar (kitfo) Spice 50g,Emeshaw Birke,114210018,197,ETB54.00,ETB47.00,0,https://helloomarket.com/image/cache/catalog/114210017-285x300.jpg,https://helloomarket.com/index.php?route=product/product&path=82&product_id=3364
Emeshaw_  Grounded Stew Spice,Emeshaw Birke,114210016,75,ETB114.00,ETB100.00,0,https://helloomarket.com/image/cache/catalog/114210016-285x300.jpg,https://helloomarket.com/index.php?route=product/product&path=82&product_id=3279
Emeshaw_ Nutmeg Spice(50 gm),Emeshaw Birke,114210005,198,ETB54.00,ETB47.00,0,https://helloomarket.com/image/cache/catalog/114210005-002-285x300.jpg,https://helloomarket.com/index.php?route=product/product&path=82&product_id=3481
Emshaw   Organic Assorted Spice,Emeshaw Birke,114210001,84,ETB128.00,ETB112.00,0,https://helloomarket.com/image/cache/catalog/spice-0-285x300.jpg,https://helloomarket.com/index.php?route=product/product&path=82&product_id=3275
Emshaw Home made Chili pepper (Mitmita),Emeshaw Birke,114210026,86,ETB142.00,ETB124.00,0,https://helloomarket.com/image/cache/catalog/114210026-0-285x300.jpg,https://helloomarket.com/index.php?route=product/product&path=82&product_id=3834
Emshaw _Ayib Spice powder,Emeshaw Birke,114210017,99,ETB64.00,ETB56.00,0,https://helloomarket.com/image/cache/catalog/1-114210017-285x300.jpg,https://helloomarket.com/index.php?route=product/product&path=82&product_id=3516
Emshaw _Organic Fenugreek Powder,Emeshaw Birke,114210006,54,ETB94.00,ETB82.00,0,https://helloomarket.com/image/cache/catalog/114210006-285x300.jpg,https://helloomarket.com/index.php?route=product/product&path=82&product_id=3593
Emshaw_ Mixed Tea Spice,Emeshaw Birke,114210013,17,ETB128.00,ETB112.00,0,https://helloomarket.com/image/cache/catalog/114210013-01-285x300.jpg,https://helloomarket.com/index.php?route=product/product&path=82&product_id=3578
Emshaw_ Pure  Red Onion Powder,Emeshaw Birke,114210021,99,ETB67.00,ETB59.00,0,https://helloomarket.com/image/cache/catalog/114210021-----285x300.jpg,https://helloomarket.com/index.php?route=product/product&path=82&product_id=3592
Estifanos_ Herbal Ginger tea(50gm),ESTIFANOS FASIKA,136410001,6,ETB21.00,ETB19.00,0,https://helloomarket.com/image/cache/catalog/136410001-285x300.jpg,https://helloomarket.com/index.php?route=product/product&path=82&product_id=4578
Etetu- Homemade Cookies,ETETU SHIFERAWE,129910001,96,ETB128.00,ETB112.00,0,https://helloomarket.com/image/cache/catalog/129910001-285x300.jpg,https://helloomarket.com/index.php?route=product/product&path=82&product_id=4317
Ethiopia Beef Jerky (Traditional Quanta - ቋንጣ) (30g),,172810001,25,ETB354.00,ETB308.00,0,https://helloomarket.com/image/cache/catalog/172810001%201-285x300.jpg,https://helloomarket.com/index.php?route=product/product&path=82&product_id=5600
Ethio_Lemon Tea,,170110001,12,ETB71.00,ETB62.00,0,https://helloomarket.com/image/cache/catalog/170110001-285x300.jpg,https://helloomarket.com/index.php?route=product/product&path=82&product_id=5470
Ethio_Mint Tea,,170110002,14,ETB71.00,ETB62.00,0,https://helloomarket.com/image/cache/catalog/170110002%201-285x300.jpg,https://helloomarket.com/index.php?route=product/product&path=82&product_id=5471
Ethio_Moringa Tea,MESIFEN ADUGNA,170110003,15,ETB71.00,ETB62.00,0,https://helloomarket.com/image/cache/catalog/170110003%203-285x300.jpg,https://helloomarket.com/index.php?route=product/product&path=82&product_id=5469
Fresh Avocado 1kg,,003610001,99,ETB10.00,ETB10.00,0,https://helloomarket.com/image/cache/catalog/842010001-285x300.jpg,https://helloomarket.com/index.php?route=product/product&path=82&product_id=5728
Fre_ Spice Blend 50g (Mekelesha),SAMIRAWIT NEGUSE,142710002,100,ETB100.00,ETB87.00,0,https://helloomarket.com/image/cache/catalog/142710002-285x300.jpg,https://helloomarket.com/index.php?route=product/product&path=82&product_id=4712
Genet _home made Rosemary  powder,GENET ADANE,1083-10002,98,ETB121.00,ETB105.00,0,https://helloomarket.com/image/cache/catalog/1083-10002-285x300.jpg,https://helloomarket.com/index.php?route=product/product&path=82&product_id=4895
Genet_ Black Cardamom (50g),GENET  YIBRAH,159410001,49,ETB54.00,ETB47.00,0,https://helloomarket.com/image/cache/catalog/159410001-285x300.jpg,https://helloomarket.com/index.php?route=product/product&path=82&product_id=5174
Genet_ Black Pepper (50g),GENET  YIBRAH,159410007,44,ETB54.00,ETB47.00,0,https://helloomarket.com/image/cache/catalog/159410007-285x300.jpg,https://helloomarket.com/index.php?route=product/product&path=82&product_id=5176
Genet_ Butter Seasoning Spice,GENET  YIBRAH,159410002,50,ETB54.00,ETB47.00,0,https://helloomarket.com/image/cache/catalog/159410002-285x300.jpg,https://helloomarket.com/index.php?route=product/product&path=82&product_id=5177
Genet_ Cumin (50g),GENET  YIBRAH,159410006,50,ETB54.00,ETB47.00,0,https://helloomarket.com/image/cache/catalog/159410006-285x300.jpg,https://helloomarket.com/index.php?route=product/product&path=82&product_id=5175
Genet_Spice Blend 50g (Mekelesha),GENET  YIBRAH,159410003,98,ETB54.00,ETB47.00,0,https://helloomarket.com/image/cache/catalog/159410003-285x300.jpg,https://helloomarket.com/index.php?route=product/product&path=82&product_id=5172
Gezehagne Kibe Kimem 25g (butter spice),,161710001,50,ETB50.00,ETB44.00,0,https://helloomarket.com/image/cache/catalog/452%20(2)-285x300.jpg,https://helloomarket.com/index.php?route=product/product&path=82&product_id=5317
Ginger,Wongelawit Bisrat,100791,10,ETB43.00,ETB38.00,0,https://helloomarket.com/image/cache/catalog/100791-285x300.jpg,https://helloomarket.com/index.php?route=product/product&path=82&product_id=928
Ginger powder (50g),Emeshaw Birke,114210020,91,ETB34.00,ETB30.00,0,https://helloomarket.com/image/cache/catalog/114210020-285x300.jpg,https://helloomarket.com/index.php?route=product/product&path=82&product_id=3442
Girmaye_ Forest Honey (red),,154910002,47,ETB283.00,ETB247.00,0,https://helloomarket.com/image/cache/catalog/154910002-285x300.jpg,https://helloomarket.com/index.php?route=product/product&path=82&product_id=4998
Girmaye_ Forest Honey (White),,154910001,49,ETB283.00,ETB247.00,0,https://helloomarket.com/image/cache/catalog/154910001-285x300.jpg,https://helloomarket.com/index.php?route=product/product&path=82&product_id=4994
Habesha Beer,Habesha Breweries SC,DES-H-B-CG-100027,2-3 Days,ETB246.00,ETB214.00,0,https://helloomarket.com/image/cache/catalog/HABESH-285x300.jpg,https://helloomarket.com/index.php?route=product/product&path=82&product_id=2050
Haddisalem Coffee Powder,Haddisalem,158910002,50,ETB778.00,ETB677.00,0,https://helloomarket.com/image/cache/catalog/158910002-285x300.jpg,https://helloomarket.com/index.php?route=product/product&path=82&product_id=5138
Haddisalem medium Roast Coffee Bean,Haddisalem,158910001,50,ETB778.00,ETB677.00,0,https://helloomarket.com/image/cache/catalog/158910001-285x300.jpg,https://helloomarket.com/index.php?route=product/product&path=82&product_id=5136
Hadero Roasted Coffee (1kg),Hadero,149410003,47,ETB837.00,ETB728.00,0,https://helloomarket.com/image/cache/catalog/149410003%201-285x300.jpg,https://helloomarket.com/index.php?route=product/product&path=82&product_id=4929
Hadero Roasted Coffee (250kg),Hadero,149410001,40,ETB222.00,ETB194.00,0,https://helloomarket.com/image/cache/catalog/149410001-285x300.jpg,https://helloomarket.com/index.php?route=product/product&path=82&product_id=4926
Hadero Roasted Coffee (500g),Hadero,149410002,97,ETB431.00,ETB375.00,0,https://helloomarket.com/image/cache/catalog/149410002-2-285x300.jpg,https://helloomarket.com/index.php?route=product/product&path=82&product_id=4930
Haset_ Bread Spice  (50g),Haset Spices,103379,37,ETB50.00,ETB50.00,0,https://helloomarket.com/image/cache/catalog/103379-285x300.jpg,https://helloomarket.com/index.php?route=product/product&path=82&product_id=2009
Haset_ Organic Fines Herbs 50g,Haset Spices,103355,20,ETB64.00,ETB56.00,0,https://helloomarket.com/image/cache/catalog/103355-285x300.jpg,https://helloomarket.com/index.php?route=product/product&path=82&product_id=2013
Haset_ Organic Ground Cardamom 25g,Haset Spices,103351,8,ETB34.00,ETB30.00,0,https://helloomarket.com/image/cache/catalog/003-285x300.jpg,https://helloomarket.com/index.php?route=product/product&path=82&product_id=2011
Haset_ Pure Ground Black Pepper (50g),Haset Spices,103357,41,ETB64.00,ETB56.00,0,https://helloomarket.com/image/cache/catalog/103357_1-285x300.jpg,https://helloomarket.com/index.php?route=product/product&path=82&product_id=2008
Hasset -Mustard Powder,HASSET  T/Michaiel,103384,3,ETB47.00,ETB41.00,0,https://helloomarket.com/image/cache/catalog/103384-0-285x300.jpg,https://helloomarket.com/index.php?route=product/product&path=82&product_id=2217
Hasset -Roasted barley powder (1kg),HASSET  T/Michaiel,103373,9,ETB75.00,ETB65.00,0,https://helloomarket.com/image/cache/catalog/103373-00-285x300.jpg,https://helloomarket.com/index.php?route=product/product&path=82&product_id=3077
Hasset Bread Spice,Hasset   T/Michaiel,091210001,98,ETB29.00,ETB25.00,0,https://helloomarket.com/image/cache/catalog/091210001-0-285x300.jpg,https://helloomarket.com/index.php?route=product/product&path=82&product_id=3981
Hasset Organic  white spice (50g),HASSET  T/Michaiel,091210004,97,ETB57.00,ETB50.00,0,https://helloomarket.com/image/cache/catalog/091210004-285x300.jpg,https://helloomarket.com/index.php?route=product/product&path=82&product_id=3983
Hasset Organic white spice(25g),HASSET  T/Michaiel,091210005,92,ETB29.00,ETB26.00,0,https://helloomarket.com/image/cache/catalog/091210005-285x300.jpg,https://helloomarket.com/index.php?route=product/product&path=82&product_id=3982
Hasset Pure Cinnamon Powder,HASSET  T/Michaiel,103380,49,ETB36.00,ETB32.00,0,https://helloomarket.com/image/cache/catalog/103380-285x300.jpg,https://helloomarket.com/index.php?route=product/product&path=82&product_id=2906
Hasset _100 % pure Ginger powder,HASSET  T/Michaiel,103353,24,ETB64.00,ETB56.00,0,https://helloomarket.com/image/cache/catalog/103353--285x300.jpg,https://helloomarket.com/index.php?route=product/product&path=82&product_id=2125
Hasset _Pure Cummun,HASSET  T/Michaiel,103363,395,ETB64.00,ETB56.00,0,https://helloomarket.com/image/cache/catalog/103363-285x300.jpg,https://helloomarket.com/index.php?route=product/product&path=82&product_id=2675
Hasset_ Butter Spice( 25g),Haset Spices,103364,80,ETB36.00,ETB32.00,0,https://helloomarket.com/image/cache/catalog/103364-285x300.jpg,https://helloomarket.com/index.php?route=product/product&path=82&product_id=2242
Hasset_ Ground Black Pepper( 25g),Haset Spices,103358,90,ETB36.00,ETB32.00,0,https://helloomarket.com/image/cache/catalog/103358-285x300.jpg,https://helloomarket.com/index.php?route=product/product&path=82&product_id=2245
Hasset_ Onion Soup Mix ( 50g),Haset Spices,103360,38,ETB64.00,ETB56.00,0,https://helloomarket.com/image/cache/catalog/103360_1-285x300.jpg,https://helloomarket.com/index.php?route=product/product&path=82&product_id=2246
Hasset_ Organic Cumin( 25g),Haset Spices,103381,12,ETB27.00,ETB24.00,0,https://helloomarket.com/image/cache/catalog/103381-285x300.jpg,https://helloomarket.com/index.php?route=product/product&path=82&product_id=2243
Hasset_ Organic Curry Powder 50g,Hasset   T/Michaiel,103378,95,ETB57.00,ETB50.00,0,https://helloomarket.com/image/cache/catalog/103378_1-285x300.jpg,https://helloomarket.com/index.php?route=product/product&path=82&product_id=2841
Hiwot_ Naturally Healthy 100% pure white Honey,,1065-10001,4,ETB335.00,ETB292.00,0,https://helloomarket.com/image/cache/catalog/ha-285x300.jpg,https://helloomarket.com/index.php?route=product/product&path=82&product_id=2996
Hiwot_Organic Salad Spice,,111210002,9,ETB41.00,ETB36.00,0,https://helloomarket.com/image/cache/catalog/111210002-02-285x300.jpg,https://helloomarket.com/index.php?route=product/product&path=82&product_id=3588
Homemade Crunchy Cookie 320g,Hana Tsegaye,161810001,6,ETB109.00,ETB109.00,0,https://helloomarket.com/image/cache/catalog/161810001-285x300.jpg,https://helloomarket.com/index.php?route=product/product&path=82&product_id=5325
Honamen Flavored Traditional Alcoholic Drink (250ml),ELSABET  SELEMON,115110006,936,ETB80.00,ETB70.00,0,https://helloomarket.com/image/cache/catalog/115110006-00-285x300.jpg,https://helloomarket.com/index.php?route=product/product&path=82&product_id=3519
Knorr Blended spice (1.5g),unilever,144810028,27,ETB3.00,ETB3.00,0,https://helloomarket.com/image/cache/catalog/knor-0-285x300.jpg,https://helloomarket.com/index.php?route=product/product&path=82&product_id=4795
Knorr Blended spice pack(1440 pieces),unilever,144810029,97,"ETB3,888.00","ETB3,381.00",0,https://helloomarket.com/image/cache/catalog/144810029-285x300.jpg,https://helloomarket.com/index.php?route=product/product&path=82&product_id=4818
Knorr Mitten Shiro / 200g,Al Beritlom Trading PLC,174110011,75,ETB73.00,ETB64.00,0,https://helloomarket.com/image/cache/catalog/747%20(5)-285x300.jpg,https://helloomarket.com/index.php?route=product/product&path=82&product_id=5641
KT_ Fresh ARABICA Grinded  Coffee,KT,103015,98,,ETB483.00,0,https://helloomarket.com/image/cache/catalog/103015-0-285x300.jpg,https://helloomarket.com/index.php?route=product/product&path=82&product_id=2135
Lielt_ Black Cardamom(50g),LIELT WORKALEM,152010002,44,ETB57.00,ETB50.00,0,https://helloomarket.com/image/cache/catalog/152010002-285x300.jpg,https://helloomarket.com/index.php?route=product/product&path=82&product_id=5009
Lielt_ Black Cumin Spice(50g),LIELT WORKALEM,152010005,49,ETB71.00,ETB62.00,0,https://helloomarket.com/image/cache/catalog/152010005-285x300.jpg,https://helloomarket.com/index.php?route=product/product&path=82&product_id=5011
Lielt_ Black Pepper,LIELT WORKALEM,152010004,45,ETB85.00,ETB74.00,0,https://helloomarket.com/image/cache/catalog/152010004-285x300.jpg,https://helloomarket.com/index.php?route=product/product&path=82&product_id=5013
Lielt_ Butter Seasoning Spice,LIELT WORKALEM,152010003,50,ETB71.00,ETB62.00,0,https://helloomarket.com/image/cache/catalog/152010003-285x300.jpg,https://helloomarket.com/index.php?route=product/product&path=82&product_id=5010
Lielt_ Spice Blend 60g (Mekelesha),LIELT WORKALEM,152010001,47,ETB85.00,ETB74.00,0,https://helloomarket.com/image/cache/catalog/152010001-285x300.jpg,https://helloomarket.com/index.php?route=product/product&path=82&product_id=5008
Mahider_ Homemade Cookies (0.45kg),,133410001,48,ETB128.00,ETB112.00,0,https://helloomarket.com/image/cache/catalog/133410001-285x300.jpg,https://helloomarket.com/index.php?route=product/product&path=82&product_id=4868
Malalia Organic Moringa Powder (250g),Tesfaye Tadese,116110001,80,ETB50.00,ETB44.00,0,https://helloomarket.com/image/cache/catalog/116110001-02-285x300.jpg,https://helloomarket.com/index.php?route=product/product&path=82&product_id=3551
MARKAL PURE Fenugreek powder,Elsabeth Mesfin,100706,2,ETB128.00,ETB111.00,0,https://helloomarket.com/image/cache/catalog/markk-285x300.jpg,https://helloomarket.com/index.php?route=product/product&path=82&product_id=2201
Markal_ Organic Coriander Powder ( 50g),Elsabeth Mesfin,100694,29,ETB21.00,ETB18.00,0,https://helloomarket.com/image/cache/catalog/100694-285x300.jpg,https://helloomarket.com/index.php?route=product/product&path=82&product_id=2244
Markal_cumin,,100700,8,ETB31.00,ETB31.00,0,https://helloomarket.com/image/cache/catalog/100700-285x300.jpg,https://helloomarket.com/index.php?route=product/product&path=82&product_id=1798
Masha _100% Pure Red Honey( 3kg),BELEW  ZELEKE,116810004,98,"ETB1,665.00","ETB1,448.00",0,https://helloomarket.com/image/cache/catalog/116810004-004-285x300.jpg,https://helloomarket.com/index.php?route=product/product&path=82&product_id=3668
Masha _100%Pure Red Honey (2kg),BELEW  ZELEKE,116810003,95,"ETB1,110.00",ETB966.00,0,https://helloomarket.com/image/cache/catalog/1168-03-285x300.jpg,https://helloomarket.com/index.php?route=product/product&path=82&product_id=3669
Masha _Natural Pure Red Honey (0.5kg),BELEW  ZELEKE,116810001,64,ETB347.00,ETB347.00,0,https://helloomarket.com/image/cache/catalog/116710001-01-285x300.jpg,https://helloomarket.com/index.php?route=product/product&path=82&product_id=3673
Masha _Natural Pure Red Honey (1kg),BELEW  ZELEKE,116810002,69,ETB694.00,ETB694.00,0,https://helloomarket.com/image/cache/catalog/116810002-01-285x300.jpg,https://helloomarket.com/index.php?route=product/product&path=82&product_id=3671
Meazan _Cardamom,,1025-10002,11,ETB27.00,ETB24.00,0,https://helloomarket.com/image/cache/catalog/1025-10002-285x300.jpg,https://helloomarket.com/index.php?route=product/product&path=82&product_id=2835
Mehari _Flax Seed (500g),MEHARI SEMAW,124310003,9,ETB105.00,ETB92.00,0,https://helloomarket.com/image/cache/catalog/124310003-02-285x300.jpg,https://helloomarket.com/index.php?route=product/product&path=82&product_id=4337
Mekdes _Pumpkin Seeds,MEKDES WUBNEH,119210008,89,ETB14.00,ETB13.00,0,https://helloomarket.com/image/cache/catalog/119210008-0-285x300.jpg,https://helloomarket.com/index.php?route=product/product&path=82&product_id=3897
Melesh_ Grounded Stew Spice (ማቁላያ),MELESH DENDIRE,137610001,99,ETB57.00,ETB49.00,0,https://helloomarket.com/image/cache/catalog/137610001-285x300.jpg,https://helloomarket.com/index.php?route=product/product&path=82&product_id=4862
Mulugeta - Homemade Cookies 200gm,,137910001,99,ETB43.00,ETB38.00,0,https://helloomarket.com/image/cache/catalog/137910001-285x300.jpg,https://helloomarket.com/index.php?route=product/product&path=82&product_id=4638
Mulugeta - Homemade Cookies 390gm,,137910002,98,ETB85.00,ETB74.00,0,https://helloomarket.com/image/cache/catalog/137910002-285x300.jpg,https://helloomarket.com/index.php?route=product/product&path=82&product_id=4639
Mulumebet_Pure Organic Chili Pepper,Muluembet Gebeyehu,100025,2,ETB43.00,ETB38.00,0,https://helloomarket.com/image/cache/catalog/100025---285x300.jpg,https://helloomarket.com/index.php?route=product/product&path=82&product_id=2349
Mulutena _Tea spice,Muluye Kasa,102172,10,ETB41.00,ETB35.00,0,https://helloomarket.com/image/cache/catalog/102172_2-285x300.jpg,https://helloomarket.com/index.php?route=product/product&path=82&product_id=1633
MuluTena_Mustard Powder,,102178,8,ETB74.00,ETB65.00,0,https://helloomarket.com/image/cache/catalog/102178-285x300.jpg,https://helloomarket.com/index.php?route=product/product&path=82&product_id=1913
Negase_ Blended Cumin,NEGASE WEGARI,134410004,50,ETB70.00,ETB61.00,0,https://helloomarket.com/image/cache/catalog/134410004-285x300.jpg,https://helloomarket.com/index.php?route=product/product&path=82&product_id=4865
Nutridense White Oats,,161310002,74,ETB123.00,ETB123.00,0,https://helloomarket.com/image/cache/catalog/161310002-285x300.jpg,https://helloomarket.com/index.php?route=product/product&path=82&product_id=5132
Organic Black Cumin,MEAZA AERASH & FRIENDS TRADITIONAL CLOTH SALE PARTNERSHIP,167210001,12,ETB71.00,ETB71.00,0,https://helloomarket.com/image/cache/catalog/167210001-0-285x300.jpg,https://helloomarket.com/index.php?route=product/product&path=82&product_id=5875
Rift Valley Chardonnay(750ml),Castel Winery Ethiopia,103306,2-3 Days,ETB714.00,ETB714.00,0,https://helloomarket.com/image/cache/catalog/103306-285x300.jpg,https://helloomarket.com/index.php?route=product/product&path=82&product_id=1893
Rift Valley Syrah (750ml),,103321,2-3 Days,ETB702.00,ETB702.00,0,https://helloomarket.com/image/cache/catalog/103321-01-285x300.jpg,https://helloomarket.com/index.php?route=product/product&path=82&product_id=1908
Riya Ginger powder,BEDRIA SHEMSU,110310002,195,ETB41.00,ETB35.00,0,https://helloomarket.com/image/cache/catalog/114210020-01-285x300.jpg,https://helloomarket.com/index.php?route=product/product&path=82&product_id=3512
Semira White Teff Enjera ( Derkosh) 1.5 kg,Ansha yemam,0446-10001,8,ETB283.00,ETB247.00,0,https://helloomarket.com/image/cache/catalog/0446-10001-285x300.jpg,https://helloomarket.com/index.php?route=product/product&path=82&product_id=2397
Sewasew_ Black Fennel,Sewasew Heruy,102720,1,ETB21.00,ETB18.00,0,https://helloomarket.com/image/cache/catalog/102720-285x300.jpg,https://helloomarket.com/index.php?route=product/product&path=82&product_id=1800
Shemu_ Iodized Table Salt (500g),SHEMU,159510001,41,ETB11.00,ETB10.00,0,https://helloomarket.com/image/cache/catalog/159510001-285x300.jpg,https://helloomarket.com/index.php?route=product/product&path=82&product_id=5137
Sintayehu _ Roasted barley flour(ገንፎ),SINTAYEHU GIRMA,126810004,100,ETB107.00,ETB94.00,0,https://helloomarket.com/image/cache/catalog/126810004-285x300.jpg,https://helloomarket.com/index.php?route=product/product&path=82&product_id=4377
Star Iodized Table Salt (600 g),Habetu koricho,0036-10001,82,ETB10.00,ETB8.00,0,https://helloomarket.com/image/cache/catalog/0036-10001-285x300.jpg,https://helloomarket.com/index.php?route=product/product&path=82&product_id=2264
Tarekegn_ White Honey,Tarekegn Alemu,100721,8,ETB281.00,ETB244.00,0,https://helloomarket.com/image/cache/catalog/mare-285x300.jpg,https://helloomarket.com/index.php?route=product/product&path=82&product_id=914
Tayech - Homemade Cookies 370gm,TAYECH MECHALE,146810002,99,ETB70.00,ETB61.00,0,https://helloomarket.com/image/cache/catalog/146810002-285x300.jpg,https://helloomarket.com/index.php?route=product/product&path=82&product_id=4870
Tena Adam _Organic Black Cumin Spice,NEGASE WEGARI,134410008,100,ETB70.00,ETB61.00,0,https://helloomarket.com/image/cache/catalog/134410008-285x300.jpg,https://helloomarket.com/index.php?route=product/product&path=82&product_id=4863
Tena Iodized Table Salt (900g),ATALEL FETENE,149910001,45,ETB28.00,ETB25.00,0,https://helloomarket.com/image/cache/catalog/149910001-285x300.jpg,https://helloomarket.com/index.php?route=product/product&path=82&product_id=4947
Tenadam_ Curry Powder (60g),NEGASE WEGARI,134410009,100,ETB70.00,ETB61.00,0,https://helloomarket.com/image/cache/catalog/134410009-285x300.jpg,https://helloomarket.com/index.php?route=product/product&path=82&product_id=4716
Tenadam_ Turmeric Powder,NEGASE WEGARI,134410006,50,ETB70.00,ETB61.00,0,https://helloomarket.com/image/cache/catalog/134410006-285x300.jpg,https://helloomarket.com/index.php?route=product/product&path=82&product_id=4717
Tenadam_Spice Blend 60g (Mekelesha),NEGASE WEGARI,134410002,100,ETB70.00,ETB61.00,0,https://helloomarket.com/image/cache/catalog/134410002-285x300.jpg,https://helloomarket.com/index.php?route=product/product&path=82&product_id=4864
Tenadem_ Butter Seasoning Spice,NEGASE WEGARI,134410005,50,ETB70.00,ETB61.00,0,https://helloomarket.com/image/cache/catalog/134410005-285x300.jpg,https://helloomarket.com/index.php?route=product/product&path=82&product_id=4694
Tenadem_ Grounded Stew Spice (ማቁላያ),NEGASE WEGARI,134410001,50,ETB70.00,ETB61.00,0,https://helloomarket.com/image/cache/catalog/134410001-285x300.jpg,https://helloomarket.com/index.php?route=product/product&path=82&product_id=4693
Tenadem_ Pizza Seasoning,NEGASE WEGARI,134410003,50,ETB70.00,ETB61.00,0,https://helloomarket.com/image/cache/catalog/134410003-285x300.jpg,https://helloomarket.com/index.php?route=product/product&path=82&product_id=4695
Tigiest _Chili powder(1kg),Tigiest Debasu,120510008,29,ETB736.00,ETB640.00,0,https://helloomarket.com/image/cache/catalog/q-285x300.jpg,https://helloomarket.com/index.php?route=product/product&path=82&product_id=3819
Tigiest _Red Lentils (1kg),Tigiest Debasu,120510005,28,ETB160.00,ETB140.00,0,https://helloomarket.com/image/cache/catalog/EE-285x300.jpg,https://helloomarket.com/index.php?route=product/product&path=82&product_id=3823
Tigiest_ Brown Lentils (1kg ),TIGIEST DEBASU,120510007,97,ETB160.00,ETB140.00,0,https://helloomarket.com/image/cache/catalog/120510007-285x300.jpg,https://helloomarket.com/index.php?route=product/product&path=82&product_id=3892
Tigist _bean 1kg,TIGIEST DEBASU,120510009,99,ETB136.00,ETB118.00,0,https://helloomarket.com/image/cache/catalog/120510009-285x300.jpg,https://helloomarket.com/index.php?route=product/product&path=82&product_id=3896
Tigist_ Corn Split High Protein (1kg),Tigiest Debasu,120510012,30,ETB99.00,ETB86.00,0,https://helloomarket.com/image/cache/catalog/BB-285x300.jpg,https://helloomarket.com/index.php?route=product/product&path=82&product_id=3826
Tigist_ Red Flax (1kg),Tigiest Debasu,120510014,27,ETB173.00,ETB150.00,0,https://helloomarket.com/image/cache/catalog/dd-285x300.jpg,https://helloomarket.com/index.php?route=product/product&path=82&product_id=3825
Truluv All Natural Granola Bites  /225g,Truluv,173910001,74,ETB227.00,ETB198.00,0,https://helloomarket.com/image/cache/catalog/751%20(5)-285x300.jpg,https://helloomarket.com/index.php?route=product/product&path=82&product_id=5622
Truluv-Gursha Tasty Snack (35g),Truluv,173910003,876,ETB30.00,ETB26.00,0,https://helloomarket.com/image/cache/catalog/173910001%202-285x300.jpg,https://helloomarket.com/index.php?route=product/product&path=82&product_id=5627
Truluv-Loss Granola Outs (500g),Truluv,173910005,26,ETB390.00,ETB340.00,0,https://helloomarket.com/image/cache/catalog/173910005%201-285x300.jpg,https://helloomarket.com/index.php?route=product/product&path=82&product_id=5623
Tsehaye_ Organic Moringa Powder,Tsehaye Dea,115810003,79,ETB222.00,ETB222.00,0,https://helloomarket.com/image/cache/catalog/115810003-0-285x300.jpg,https://helloomarket.com/index.php?route=product/product&path=82&product_id=4483
Wesene _Malt Powder ( የብቅል ዱቄት),WESENE SIYUM,128810001,100,ETB107.00,ETB94.00,0,https://helloomarket.com/image/cache/catalog/128810001-285x300.jpg,https://helloomarket.com/index.php?route=product/product&path=82&product_id=4382
Wesene_ Shiny-leaf buckthorn flour (gasho),WESENE SIYUM,128810002,99,ETB142.00,ETB124.00,0,https://helloomarket.com/image/cache/catalog/128810002-285x300.jpg,https://helloomarket.com/index.php?route=product/product&path=82&product_id=4368
Wongelawit _Cardamom,Wongelawit Bisrat,100793,20,ETB57.00,ETB50.00,0,https://helloomarket.com/image/cache/catalog/100793-285x300.jpg,https://helloomarket.com/index.php?route=product/product&path=82&product_id=929
Wongelawit – Grounded Rosemary,Wongelawit Bisrat,008010003,7,ETB36.00,ETB31.00,0,https://helloomarket.com/image/cache/catalog/008010003-285x300.jpg,https://helloomarket.com/index.php?route=product/product&path=82&product_id=4278
Yami Granola Cereal Chocolate (325g),AMERTI LEMMA,174310001,95,ETB417.00,ETB362.00,0,https://helloomarket.com/image/cache/catalog/174310001%201-285x300.jpg,https://helloomarket.com/index.php?route=product/product&path=82&product_id=5661
Yeshir Roasted Ground Coffee,,161910001,98,ETB517.00,ETB450.00,0,https://helloomarket.com/image/cache/catalog/161910001-285x300.jpg,https://helloomarket.com/index.php?route=product/product&path=82&product_id=5247
Yetnberesh_ pure Fenugreek powder,YETNEBERSH TADSE,127010010,100,ETB188.00,ETB164.00,0,https://helloomarket.com/image/cache/catalog/127010010-285x300.jpg,https://helloomarket.com/index.php?route=product/product&path=82&product_id=4376
Yoly Strawberry Flavor Soft Drink (220ml),Duoley food processing PLC,116210003,2-3 Days,ETB16.00,ETB14.00,0,https://helloomarket.com/image/cache/catalog/116210003%201-285x300.jpg,https://helloomarket.com/index.php?route=product/product&path=82&product_id=5633
Zebo Homemade Cookies (500gm),,157010001,95,ETB186.00,ETB186.00,0,https://helloomarket.com/image/cache/catalog/157010001-285x300.jpg,https://helloomarket.com/index.php?route=product/product&path=82&product_id=5126
Zelalme _ Sugar coated nut,Zelalm Mehandis,121510004,49,ETB28.00,ETB25.00,0,https://helloomarket.com/image/cache/catalog/121510004---285x300.jpg,https://helloomarket.com/index.php?route=product/product&path=82&product_id=3916
Zelalm_ Organic  Pumpkin Seeds,Zelalm Mehandis,121510001,11,ETB139.00,ETB121.00,0,https://helloomarket.com/image/cache/catalog/121510001-285x300.jpg,https://helloomarket.com/index.php?route=product/product&path=82&product_id=3918
